Art.nM,t.min,Abs,Date,Annotation
0.4,0,0.22,20120729,0.4/0.1 nM
0.4,5,0.255,20120729,0.4/0.1 nM
0.4,10,0.295,20120729,0.4/0.1 nM
0.4,20,0.313,20120729,0.4/0.1 nM
0.4,30,0.329,20120729,0.4/0.1 nM
0.4,40,0.333,20120729,0.4/0.1 nM
0.4,50,0.343,20120729,0.4/0.1 nM
0.4,60,0.339,20120729,0.4/0.1 nM
0.4,70,0.351,20120729,0.4/0.1 nM
0.4,80,0.368,20120729,0.4/0.1 nM
0.4,90,0.375,20120729,0.4/0.1 nM
0.4,C1,0.533,20120729,0.4/0.1 nM
LB,LB,0.09,20120729,0.4/0.1 nM
no C,no C,0.24,20120729,0.4/0.1 nM
no D,no D,0.051,20120729,0.4/0.1 nM
0.4,0,0.631,20120808,0.4 nM 8min
0.4,5,0.583,20120808,0.4 nM 8min
0.4,10,0.59,20120808,0.4 nM 8min
0.4,20,0.621,20120808,0.4 nM 8min
0.4,30,0.62,20120808,0.4 nM 8min
0.4,40,0.664,20120808,0.4 nM 8min
0.4,50,0.635,20120808,0.4 nM 8min
0.4,60,0.602,20120808,0.4 nM 8min
0.4,70,0.624,20120808,0.4 nM 8min
0.4,80,0.638,20120808,0.4 nM 8min
0.4,90,0.616,20120808,0.4 nM 8min
0.4,C1,0.833,20120808,0.4 nM 8min
LB,LB,0.135,20120808,0.4 nM 8min
no C,no C,0.563,20120808,0.4 nM 8min
no D,no D,0.052,20120808,0.4 nM 8min
0.4,0,0.327,20120809,0.4 nM 7min
0.4,5,0.369,20120809,0.4 nM 7min
0.4,10,0.385,20120809,0.4 nM 7min
0.4,20,0.404,20120809,0.4 nM 7min
0.4,30,0.419,20120809,0.4 nM 7min
0.4,40,0.393,20120809,0.4 nM 7min
0.4,50,0.429,20120809,0.4 nM 7min
0.4,60,0.416,20120809,0.4 nM 7min
0.4,70,0.417,20120809,0.4 nM 7min
0.4,80,0.436,20120809,0.4 nM 7min
0.4,90,0.434,20120809,0.4 nM 7min
0.4,C1,0.876,20120809,0.4 nM 7min
LB,LB,0.106,20120809,0.4 nM 7min
no C,no C,0.274,20120809,0.4 nM 7min
no D,no D,0.058,20120809,0.4 nM 7min
0.4,0,0.371,20120811,0.4 nM 5.5min
0.4,5,0.445,20120811,0.4 nM 5.5min
0.4,10,0.413,20120811,0.4 nM 5.5min
0.4,20,0.484,20120811,0.4 nM 5.5min
0.4,30,0.507,20120811,0.4 nM 5.5min
0.4,40,0.51,20120811,0.4 nM 5.5min
0.4,50,0.51,20120811,0.4 nM 5.5min
0.4,60,0.523,20120811,0.4 nM 5.5min
0.4,70,0.487,20120811,0.4 nM 5.5min
0.4,80,0.534,20120811,0.4 nM 5.5min
0.4,90,0.529,20120811,0.4 nM 5.5min
0.4,C1,1.067,20120811,0.4 nM 5.5min
LB,LB,0.101,20120811,0.4 nM 5.5min
no C,no C,0.377,20120811,0.4 nM 5.5min
no D,no D,0.052,20120811,0.4 nM 5.5min
0.4,0,0.29,20120814,0.4/0.1 nM 5min
0.4,5,0.272,20120814,0.4/0.1 nM 5min
0.4,10,0.302,20120814,0.4/0.1 nM 5min
0.4,20,0.289,20120814,0.4/0.1 nM 5min
0.4,30,0.293,20120814,0.4/0.1 nM 5min
0.4,40,0.303,20120814,0.4/0.1 nM 5min
0.4,50,0.35,20120814,0.4/0.1 nM 5min
0.4,60,0.318,20120814,0.4/0.1 nM 5min
0.4,70,0.333,20120814,0.4/0.1 nM 5min
0.4,80,0.344,20120814,0.4/0.1 nM 5min
0.4,90,0.36,20120814,0.4/0.1 nM 5min
0.4,C1,0.863,20120814,0.4/0.1 nM 5min
LB,LB,0.081,20120814,0.4/0.1 nM 5min
no C,no C,0.263,20120814,0.4/0.1 nM 5min
no D,no D,0.055,20120814,0.4/0.1 nM 5min
0.4,0,0.268,20120729,0.4/0.1 nM
0.4,5,0.089,20120729,0.4/0.1 nM
0.4,10,0.3,20120729,0.4/0.1 nM
0.4,20,0.319,20120729,0.4/0.1 nM
0.4,30,0.328,20120729,0.4/0.1 nM
0.4,40,0.331,20120729,0.4/0.1 nM
0.4,50,0.337,20120729,0.4/0.1 nM
0.4,60,0.338,20120729,0.4/0.1 nM
0.4,70,0.353,20120729,0.4/0.1 nM
0.4,80,0.358,20120729,0.4/0.1 nM
0.4,90,0.367,20120729,0.4/0.1 nM
0.4,C1,0.518,20120729,0.4/0.1 nM
LB,LB,0.086,20120729,0.4/0.1 nM
no C,no C,0.243,20120729,0.4/0.1 nM
no D,no D,0.052,20120729,0.4/0.1 nM
0.4,0,0.587,20120808,0.4 nM 8min
0.4,5,0.567,20120808,0.4 nM 8min
0.4,10,0.578,20120808,0.4 nM 8min
0.4,20,0.615,20120808,0.4 nM 8min
0.4,30,0.618,20120808,0.4 nM 8min
0.4,40,0.634,20120808,0.4 nM 8min
0.4,50,0.65,20120808,0.4 nM 8min
0.4,60,0.636,20120808,0.4 nM 8min
0.4,70,0.631,20120808,0.4 nM 8min
0.4,80,0.641,20120808,0.4 nM 8min
0.4,90,0.614,20120808,0.4 nM 8min
0.4,C1,0.846,20120808,0.4 nM 8min
LB,LB,0.173,20120808,0.4 nM 8min
no C,no C,0.562,20120808,0.4 nM 8min
no D,no D,0.052,20120808,0.4 nM 8min
0.4,0,0.311,20120809,0.4 nM 7min
0.4,5,0.369,20120809,0.4 nM 7min
0.4,10,0.379,20120809,0.4 nM 7min
0.4,20,0.401,20120809,0.4 nM 7min
0.4,30,0.415,20120809,0.4 nM 7min
0.4,40,0.418,20120809,0.4 nM 7min
0.4,50,0.404,20120809,0.4 nM 7min
0.4,60,0.4,20120809,0.4 nM 7min
0.4,70,0.414,20120809,0.4 nM 7min
0.4,80,0.429,20120809,0.4 nM 7min
0.4,90,0.437,20120809,0.4 nM 7min
0.4,C1,0.827,20120809,0.4 nM 7min
LB,LB,0.123,20120809,0.4 nM 7min
no C,no C,0.278,20120809,0.4 nM 7min
no D,no D,0.058,20120809,0.4 nM 7min
0.4,0,0.378,20120811,0.4 nM 5.5min
0.4,5,0.449,20120811,0.4 nM 5.5min
0.4,10,0.471,20120811,0.4 nM 5.5min
0.4,20,0.493,20120811,0.4 nM 5.5min
0.4,30,0.507,20120811,0.4 nM 5.5min
0.4,40,0.516,20120811,0.4 nM 5.5min
0.4,50,0.499,20120811,0.4 nM 5.5min
0.4,60,0.505,20120811,0.4 nM 5.5min
0.4,70,0.466,20120811,0.4 nM 5.5min
0.4,80,0.499,20120811,0.4 nM 5.5min
0.4,90,0.511,20120811,0.4 nM 5.5min
0.4,C1,1.046,20120811,0.4 nM 5.5min
LB,LB,0.103,20120811,0.4 nM 5.5min
no C,no C,0.375,20120811,0.4 nM 5.5min
no D,no D,0.053,20120811,0.4 nM 5.5min
0.4,0,0.277,20120814,0.4/0.1 nM 5min
0.4,5,0.278,20120814,0.4/0.1 nM 5min
0.4,10,0.294,20120814,0.4/0.1 nM 5min
0.4,20,0.316,20120814,0.4/0.1 nM 5min
0.4,30,0.308,20120814,0.4/0.1 nM 5min
0.4,40,0.317,20120814,0.4/0.1 nM 5min
0.4,50,0.347,20120814,0.4/0.1 nM 5min
0.4,60,0.319,20120814,0.4/0.1 nM 5min
0.4,70,0.339,20120814,0.4/0.1 nM 5min
0.4,80,0.343,20120814,0.4/0.1 nM 5min
0.4,90,0.359,20120814,0.4/0.1 nM 5min
0.4,C1,0.854,20120814,0.4/0.1 nM 5min
LB,LB,0.088,20120814,0.4/0.1 nM 5min
no C,no C,0.258,20120814,0.4/0.1 nM 5min
no D,no D,0.055,20120814,0.4/0.1 nM 5min
0.1,0,0.259,20120729,0.4/0.1 nM
0.1,5,0.256,20120729,0.4/0.1 nM
0.1,10,0.277,20120729,0.4/0.1 nM
0.1,20,0.268,20120729,0.4/0.1 nM
0.1,30,0.294,20120729,0.4/0.1 nM
0.1,40,0.299,20120729,0.4/0.1 nM
0.1,50,0.28,20120729,0.4/0.1 nM
0.1,60,0.298,20120729,0.4/0.1 nM
0.1,70,0.275,20120729,0.4/0.1 nM
0.1,80,0.294,20120729,0.4/0.1 nM
0.1,90,0.311,20120729,0.4/0.1 nM
0.1,C2,0.549,20120729,0.4/0.1 nM
LB,LB,0.09,20120729,0.4/0.1 nM
no C,no C,0.24,20120729,0.4/0.1 nM
no D,no D,0.051,20120729,0.4/0.1 nM
0.1,0,0.534,20120808,0.4 nM 8min
0.1,5,0.476,20120808,0.4 nM 8min
0.1,10,0.489,20120808,0.4 nM 8min
0.1,20,0.496,20120808,0.4 nM 8min
0.1,30,0.471,20120808,0.4 nM 8min
0.1,40,0.52,20120808,0.4 nM 8min
0.1,50,0.591,20120808,0.4 nM 8min
0.1,60,0.571,20120808,0.4 nM 8min
0.1,70,0.577,20120808,0.4 nM 8min
0.1,80,0.558,20120808,0.4 nM 8min
0.1,90,0.524,20120808,0.4 nM 8min
0.1,C2,0.852,20120808,0.4 nM 8min
LB,LB,0.135,20120808,0.4 nM 8min
no C,no C,0.563,20120808,0.4 nM 8min
no D,no D,0.052,20120808,0.4 nM 8min
0.1,0,0.302,20120809,0.4 nM 7min
0.1,5,0.268,20120809,0.4 nM 7min
0.1,10,0.282,20120809,0.4 nM 7min
0.1,20,0.266,20120809,0.4 nM 7min
0.1,30,0.271,20120809,0.4 nM 7min
0.1,40,0.285,20120809,0.4 nM 7min
0.1,50,0.353,20120809,0.4 nM 7min
0.1,60,0.314,20120809,0.4 nM 7min
0.1,70,0.305,20120809,0.4 nM 7min
0.1,80,0.332,20120809,0.4 nM 7min
0.1,90,0.34,20120809,0.4 nM 7min
0.1,C2,0.868,20120809,0.4 nM 7min
LB,LB,0.106,20120809,0.4 nM 7min
no C,no C,0.274,20120809,0.4 nM 7min
no D,no D,0.058,20120809,0.4 nM 7min
0.1,0,0.371,20120811,0.1 nM 5.5min
0.1,5,0.387,20120811,0.1 nM 5.5min
0.1,10,0.379,20120811,0.1 nM 5.5min
0.1,20,0.409,20120811,0.1 nM 5.5min
0.1,30,0.41,20120811,0.1 nM 5.5min
0.1,40,0.409,20120811,0.1 nM 5.5min
0.1,50,0.417,20120811,0.1 nM 5.5min
0.1,60,0.423,20120811,0.1 nM 5.5min
0.1,70,0.415,20120811,0.1 nM 5.5min
0.1,80,0.406,20120811,0.1 nM 5.5min
0.1,90,0.398,20120811,0.1 nM 5.5min
0.1,C2,1.162,20120811,0.1 nM 5.5min
LB,LB,0.101,20120811,0.1 nM 5.5min
no C,no C,0.377,20120811,0.1 nM 5.5min
no D,no D,0.052,20120811,0.1 nM 5.5min
0.1,0,0.255,20120814,0.1 nM 5min
0.1,5,0.242,20120814,0.1 nM 5min
0.1,10,0.245,20120814,0.1 nM 5min
0.1,20,0.254,20120814,0.1 nM 5min
0.1,30,0.246,20120814,0.1 nM 5min
0.1,40,0.273,20120814,0.1 nM 5min
0.1,50,0.292,20120814,0.1 nM 5min
0.1,60,0.291,20120814,0.1 nM 5min
0.1,70,0.287,20120814,0.1 nM 5min
0.1,80,0.286,20120814,0.1 nM 5min
0.1,90,0.281,20120814,0.1 nM 5min
0.1,C2,0.862,20120814,0.1 nM 5min
LB,LB,0.081,20120814,0.1 nM 5min
no C,no C,0.263,20120814,0.1 nM 5min
no D,no D,0.055,20120814,0.1 nM 5min
0.1,0,0.273,20120729,0.4/0.1 nM
0.1,5,0.256,20120729,0.4/0.1 nM
0.1,10,0.272,20120729,0.4/0.1 nM
0.1,20,0.268,20120729,0.4/0.1 nM
0.1,30,0.287,20120729,0.4/0.1 nM
0.1,40,0.297,20120729,0.4/0.1 nM
0.1,50,0.286,20120729,0.4/0.1 nM
0.1,60,0.287,20120729,0.4/0.1 nM
0.1,70,0.275,20120729,0.4/0.1 nM
0.1,80,0.295,20120729,0.4/0.1 nM
0.1,90,0.317,20120729,0.4/0.1 nM
0.1,C2,0.555,20120729,0.4/0.1 nM
LB,LB,0.086,20120729,0.4/0.1 nM
no C,no C,0.243,20120729,0.4/0.1 nM
no D,no D,0.052,20120729,0.4/0.1 nM
0.1,0,0.619,20120808,0.4 nM 8min
0.1,5,0.543,20120808,0.4 nM 8min
0.1,10,0.568,20120808,0.4 nM 8min
0.1,20,0.568,20120808,0.4 nM 8min
0.1,30,0.55,20120808,0.4 nM 8min
0.1,40,0.586,20120808,0.4 nM 8min
0.1,50,0.593,20120808,0.4 nM 8min
0.1,60,0.56,20120808,0.4 nM 8min
0.1,70,0.563,20120808,0.4 nM 8min
0.1,80,0.565,20120808,0.4 nM 8min
0.1,90,0.538,20120808,0.4 nM 8min
0.1,C2,0.859,20120808,0.4 nM 8min
LB,LB,0.173,20120808,0.4 nM 8min
no C,no C,0.562,20120808,0.4 nM 8min
no D,no D,0.052,20120808,0.4 nM 8min
0.1,0,0.361,20120809,0.4 nM 7min
0.1,5,0.306,20120809,0.4 nM 7min
0.1,10,0.314,20120809,0.4 nM 7min
0.1,20,0.307,20120809,0.4 nM 7min
0.1,30,0.301,20120809,0.4 nM 7min
0.1,40,0.321,20120809,0.4 nM 7min
0.1,50,0.341,20120809,0.4 nM 7min
0.1,60,0.337,20120809,0.4 nM 7min
0.1,70,0.317,20120809,0.4 nM 7min
0.1,80,0.348,20120809,0.4 nM 7min
0.1,90,0.349,20120809,0.4 nM 7min
0.1,C2,0.898,20120809,0.4 nM 7min
LB,LB,0.123,20120809,0.4 nM 7min
no C,no C,0.278,20120809,0.4 nM 7min
no D,no D,0.058,20120809,0.4 nM 7min
0.1,0,0.378,20120811,0.1 nM 5.5min
0.1,5,0.389,20120811,0.1 nM 5.5min
0.1,10,0.379,20120811,0.1 nM 5.5min
0.1,20,0.397,20120811,0.1 nM 5.5min
0.1,30,0.394,20120811,0.1 nM 5.5min
0.1,40,0.404,20120811,0.1 nM 5.5min
0.1,50,0.43,20120811,0.1 nM 5.5min
0.1,60,0.456,20120811,0.1 nM 5.5min
0.1,70,0.431,20120811,0.1 nM 5.5min
0.1,80,0.425,20120811,0.1 nM 5.5min
0.1,90,0.416,20120811,0.1 nM 5.5min
0.1,C2,1.187,20120811,0.1 nM 5.5min
LB,LB,0.103,20120811,0.1 nM 5.5min
no C,no C,0.375,20120811,0.1 nM 5.5min
no D,no D,0.053,20120811,0.1 nM 5.5min
0.1,0,0.263,20120814,0.1 nM 5min
0.1,5,0.252,20120814,0.1 nM 5min
0.1,10,0.258,20120814,0.1 nM 5min
0.1,20,0.267,20120814,0.1 nM 5min
0.1,30,0.265,20120814,0.1 nM 5min
0.1,40,0.283,20120814,0.1 nM 5min
0.1,50,0.287,20120814,0.1 nM 5min
0.1,60,0.293,20120814,0.1 nM 5min
0.1,70,0.291,20120814,0.1 nM 5min
0.1,80,0.298,20120814,0.1 nM 5min
0.1,90,0.293,20120814,0.1 nM 5min
0.1,C2,0.888,20120814,0.1 nM 5min
LB,LB,0.088,20120814,0.1 nM 5min
no C,no C,0.258,20120814,0.1 nM 5min
no D,no D,0.055,20120814,0.1 nM 5min
1,0,0.266,20120719,1 nM PLATE0903 8min
1,5,0.5,20120719,1 nM PLATE0903 8min
1,10,0.576,20120719,1 nM PLATE0903 8min
1,20,0.707,20120719,1 nM PLATE0903 8min
1,30,0.751,20120719,1 nM PLATE0903 8min
1,40,0.839,20120719,1 nM PLATE0903 8min
1,50,0.792,20120719,1 nM PLATE0903 8min
1,60,0.709,20120719,1 nM PLATE0903 8min
1,70,0.764,20120719,1 nM PLATE0903 8min
1,80,0.746,20120719,1 nM PLATE0903 8min
1,90,0.667,20120719,1 nM PLATE0903 8min
1,C,0.954,20120719,1 nM PLATE0903 8min
LB,LB,0.073,20120719,1 nM PLATE0903 8min
no C,no C,0.278,20120719,1 nM PLATE0903 8min
no D,no D,0.046,20120719,1 nM PLATE0903 8min
1,0,0.266,20120719,1 nM PLATE0903 8min-2
1,5,0.346,20120719,1 nM PLATE0903 8min-2
1,10,0.403,20120719,1 nM PLATE0903 8min-2
1,20,0.488,20120719,1 nM PLATE0903 8min-2
1,30,0.522,20120719,1 nM PLATE0903 8min-2
1,40,0.569,20120719,1 nM PLATE0903 8min-2
1,50,0.671,20120719,1 nM PLATE0903 8min-2
1,60,0.734,20120719,1 nM PLATE0903 8min-2
1,70,0.645,20120719,1 nM PLATE0903 8min-2
1,80,0.653,20120719,1 nM PLATE0903 8min-2
1,90,0.634,20120719,1 nM PLATE0903 8min-2
1,C,0.746,20120719,1 nM PLATE0903 8min-2
1,0,0.293,20120721,1-0.4 nM PLATE0910 8min
1,5,0.448,20120721,1-0.4 nM PLATE0910 8min
1,10,0.565,20120721,1-0.4 nM PLATE0910 8min
1,20,0.667,20120721,1-0.4 nM PLATE0910 8min
1,30,0.684,20120721,1-0.4 nM PLATE0910 8min
1,40,0.752,20120721,1-0.4 nM PLATE0910 8min
1,50,0.77,20120721,1-0.4 nM PLATE0910 8min
1,60,0.717,20120721,1-0.4 nM PLATE0910 8min
1,70,0.731,20120721,1-0.4 nM PLATE0910 8min
1,80,0.733,20120721,1-0.4 nM PLATE0910 8min
1,90,0.716,20120721,1-0.4 nM PLATE0910 8min
1,C,0.91,20120721,1-0.4 nM PLATE0910 8min
LB,LB,0.073,20120721,1-0.4 nM PLATE0910 8min
no C,no C,0.314,20120721,1-0.4 nM PLATE0910 8min
no D,no D,0.044,20120721,1-0.4 nM PLATE0910 8min
1,0,0.28,20120721,1-0.4 nM PLATE0910 8min-2
1,5,0.395,20120721,1-0.4 nM PLATE0910 8min-2
1,10,0.411,20120721,1-0.4 nM PLATE0910 8min-2
1,20,0.406,20120721,1-0.4 nM PLATE0910 8min-2
1,30,0.428,20120721,1-0.4 nM PLATE0910 8min-2
1,40,0.499,20120721,1-0.4 nM PLATE0910 8min-2
1,50,0.525,20120721,1-0.4 nM PLATE0910 8min-2
1,60,0.525,20120721,1-0.4 nM PLATE0910 8min-2
1,70,0.546,20120721,1-0.4 nM PLATE0910 8min-2
1,80,0.596,20120721,1-0.4 nM PLATE0910 8min-2
1,90,0.623,20120721,1-0.4 nM PLATE0910 8min-2
1,C,0.594,20120721,1-0.4 nM PLATE0910 8min-2
1,0,0.274,20120719,1 nM PLATE0903 8min
1,5,0.479,20120719,1 nM PLATE0903 8min
1,10,0.551,20120719,1 nM PLATE0903 8min
1,20,0.66,20120719,1 nM PLATE0903 8min
1,30,0.674,20120719,1 nM PLATE0903 8min
1,40,0.791,20120719,1 nM PLATE0903 8min
1,50,0.784,20120719,1 nM PLATE0903 8min
1,60,0.697,20120719,1 nM PLATE0903 8min
1,70,0.728,20120719,1 nM PLATE0903 8min
1,80,0.704,20120719,1 nM PLATE0903 8min
1,90,0.66,20120719,1 nM PLATE0903 8min
1,C,0.948,20120719,1 nM PLATE0903 8min
LB,LB,0.077,20120719,1 nM PLATE0903 8min
no C,no C,0.298,20120719,1 nM PLATE0903 8min
no D,no D,0.046,20120719,1 nM PLATE0903 8min
1,0,0.274,20120719,1 nM PLATE0903 8min-2
1,5,0.379,20120719,1 nM PLATE0903 8min-2
1,10,0.433,20120719,1 nM PLATE0903 8min-2
1,20,0.522,20120719,1 nM PLATE0903 8min-2
1,30,0.572,20120719,1 nM PLATE0903 8min-2
1,40,0.665,20120719,1 nM PLATE0903 8min-2
1,50,0.683,20120719,1 nM PLATE0903 8min-2
1,60,0.708,20120719,1 nM PLATE0903 8min-2
1,70,0.614,20120719,1 nM PLATE0903 8min-2
1,80,0.676,20120719,1 nM PLATE0903 8min-2
1,90,0.577,20120719,1 nM PLATE0903 8min-2
1,C,0.756,20120719,1 nM PLATE0903 8min-2
1,0,0.306,20120721,1-0.4 nM PLATE0910 8min
1,5,0.385,20120721,1-0.4 nM PLATE0910 8min
1,10,0.539,20120721,1-0.4 nM PLATE0910 8min
1,20,0.648,20120721,1-0.4 nM PLATE0910 8min
1,30,0.667,20120721,1-0.4 nM PLATE0910 8min
1,40,0.937,20120721,1-0.4 nM PLATE0910 8min
1,50,0.722,20120721,1-0.4 nM PLATE0910 8min
1,60,0.704,20120721,1-0.4 nM PLATE0910 8min
1,70,0.752,20120721,1-0.4 nM PLATE0910 8min
1,80,0.746,20120721,1-0.4 nM PLATE0910 8min
1,90,0.717,20120721,1-0.4 nM PLATE0910 8min
1,C,0.883,20120721,1-0.4 nM PLATE0910 8min
LB,LB,0.08,20120721,1-0.4 nM PLATE0910 8min
no C,no C,0.32,20120721,1-0.4 nM PLATE0910 8min
no D,no D,0.043,20120721,1-0.4 nM PLATE0910 8min
1,0,0.285,20120721,1-0.4 nM PLATE0910 8min-2
1,5,0.371,20120721,1-0.4 nM PLATE0910 8min-2
1,10,0.392,20120721,1-0.4 nM PLATE0910 8min-2
1,20,0.417,20120721,1-0.4 nM PLATE0910 8min-2
1,30,0.441,20120721,1-0.4 nM PLATE0910 8min-2
1,40,0.504,20120721,1-0.4 nM PLATE0910 8min-2
1,50,0.657,20120721,1-0.4 nM PLATE0910 8min-2
1,60,0.581,20120721,1-0.4 nM PLATE0910 8min-2
1,70,0.605,20120721,1-0.4 nM PLATE0910 8min-2
1,80,0.59,20120721,1-0.4 nM PLATE0910 8min-2
1,90,0.615,20120721,1-0.4 nM PLATE0910 8min-2
1,C,0.636,20120721,1-0.4 nM PLATE0910 8min-2
10,0,0.184,20121021,10/1nM 10min (3min)
10,2,0.92,20121021,10/1nM 10min (3min)
10,4,1.194,20121021,10/1nM 10min (3min)
10,6,1.372,20121021,10/1nM 10min (3min)
10,8,1.532,20121021,10/1nM 10min (3min)
10,10,1.363,20121021,10/1nM 10min (3min)
10,C1,1.135,20121021,10/1nM 10min (3min)
noC,noC,0.133,20121021,10/1nM 10min (3min)
noD,noD,0.043,20121021,10/1nM 10min (3min)
LB,LB,0.064,20121021,10/1nM 10min (3min)
10,0,0.168,20121022,10/0.4/0.1nM 10min P33(10min)
10,2,0.471,20121022,10/0.4/0.1nM 10min P33(10min)
10,4,0.691,20121022,10/0.4/0.1nM 10min P33(10min)
10,6,0.836,20121022,10/0.4/0.1nM 10min P33(10min)
10,8,0.928,20121022,10/0.4/0.1nM 10min P33(10min)
10,10,0.991,20121022,10/0.4/0.1nM 10min P33(10min)
10,C1,0.598,20121022,10/0.4/0.1nM 10min P33(10min)
noC,noC,0.139,20121022,10/0.4/0.1nM 10min P33(10min)
noD,noD,0.041,20121022,10/0.4/0.1nM 10min P33(10min)
LB,LB,0.069,20121022,10/0.4/0.1nM 10min P33(10min)
10,0,0.134,20121024,10/0.1nM 10min P35 (2min)
10,2,0.647,20121024,10/0.1nM 10min P35 (2min)
10,4,0.897,20121024,10/0.1nM 10min P35 (2min)
10,6,0.952,20121024,10/0.1nM 10min P35 (2min)
10,8,1.136,20121024,10/0.1nM 10min P35 (2min)
10,10,0.955,20121024,10/0.1nM 10min P35 (2min)
10,C1,0.783,20121024,10/0.1nM 10min P35 (2min)
noC,noC,0.146,20121024,10/0.1nM 10min P35 (2min)
noD,noD,0.046,20121024,10/0.1nM 10min P35 (2min)
LB,LB,0.051,20121024,10/0.1nM 10min P35 (2min)
10,0,0.141,20121025,10/0.4/0.1nM 10min P36(2min)
10,2,0.767,20121025,10/0.4/0.1nM 10min P36(2min)
10,4,0.904,20121025,10/0.4/0.1nM 10min P36(2min)
10,6,0.924,20121025,10/0.4/0.1nM 10min P36(2min)
10,8,0.985,20121025,10/0.4/0.1nM 10min P36(2min)
10,10,1.018,20121025,10/0.4/0.1nM 10min P36(2min)
10,C1,0.718,20121025,10/0.4/0.1nM 10min P36(2min)
noC,noC,0.146,20121025,10/0.4/0.1nM 10min P36(2min)
noD,noD,0.042,20121025,10/0.4/0.1nM 10min P36(2min)
LB,LB,0.059,20121025,10/0.4/0.1nM 10min P36(2min)
10,0,0.173,20121021,10/1nM 10min (3min)
10,2,0.87,20121021,10/1nM 10min (3min)
10,4,1.123,20121021,10/1nM 10min (3min)
10,6,1.343,20121021,10/1nM 10min (3min)
10,8,1.518,20121021,10/1nM 10min (3min)
10,10,1.274,20121021,10/1nM 10min (3min)
10,C1,1.108,20121021,10/1nM 10min (3min)
noC,noC,0.139,20121021,10/1nM 10min (3min)
noD,noD,0.042,20121021,10/1nM 10min (3min)
LB,LB,0.067,20121021,10/1nM 10min (3min)
10,0,0.169,20121022,10/0.4/0.1nM 10min P33(10min)
10,2,0.454,20121022,10/0.4/0.1nM 10min P33(10min)
10,4,0.619,20121022,10/0.4/0.1nM 10min P33(10min)
10,6,0.813,20121022,10/0.4/0.1nM 10min P33(10min)
10,8,0.918,20121022,10/0.4/0.1nM 10min P33(10min)
10,10,0.991,20121022,10/0.4/0.1nM 10min P33(10min)
10,C1,0.625,20121022,10/0.4/0.1nM 10min P33(10min)
noC,noC,0.144,20121022,10/0.4/0.1nM 10min P33(10min)
noD,noD,0.042,20121022,10/0.4/0.1nM 10min P33(10min)
LB,LB,0.072,20121022,10/0.4/0.1nM 10min P33(10min)
10,0,0.136,20121024,10/0.1nM 10min P35 (2min)
10,2,0.651,20121024,10/0.1nM 10min P35 (2min)
10,4,0.815,20121024,10/0.1nM 10min P35 (2min)
10,6,0.875,20121024,10/0.1nM 10min P35 (2min)
10,8,1.028,20121024,10/0.1nM 10min P35 (2min)
10,10,0.957,20121024,10/0.1nM 10min P35 (2min)
10,C1,0.868,20121024,10/0.1nM 10min P35 (2min)
noC,noC,0.153,20121024,10/0.1nM 10min P35 (2min)
noD,noD,0.047,20121024,10/0.1nM 10min P35 (2min)
LB,LB,0.056,20121024,10/0.1nM 10min P35 (2min)
10,0,0.137,20121025,10/0.4/0.1nM 10min P36(2min)
10,2,0.716,20121025,10/0.4/0.1nM 10min P36(2min)
10,4,0.873,20121025,10/0.4/0.1nM 10min P36(2min)
10,6,0.882,20121025,10/0.4/0.1nM 10min P36(2min)
10,8,0.914,20121025,10/0.4/0.1nM 10min P36(2min)
10,10,0.958,20121025,10/0.4/0.1nM 10min P36(2min)
10,C1,0.81,20121025,10/0.4/0.1nM 10min P36(2min)
noC,noC,0.142,20121025,10/0.4/0.1nM 10min P36(2min)
noD,noD,0.043,20121025,10/0.4/0.1nM 10min P36(2min)
LB,LB,0.06,20121025,10/0.4/0.1nM 10min P36(2min)
4,10,0.822,20121010,4nM 10min (4min)
1,0,0.219,20121010,4nM 10min (4min)
1,2,0.242,20121010,4nM 10min (4min)
1,4,0.372,20121010,4nM 10min (4min)
1,6,0.425,20121010,4nM 10min (4min)
1,8,0.46,20121010,4nM 10min (4min)
1,10,0.541,20121010,4nM 10min (4min)
noC,noC,0.181,20121010,4nM 10min (4min)
noD,noD,0.043,20121010,4nM 10min (4min)
LB,LB,0.075,20121010,4nM 10min (4min)
1,0,0.22,20121015,1/0.4nM 10min (3min)
1,2,0.278,20121015,1/0.4nM 10min (3min)
1,4,0.35,20121015,1/0.4nM 10min (3min)
1,6,0.374,20121015,1/0.4nM 10min (3min)
1,8,0.394,20121015,1/0.4nM 10min (3min)
1,10,0.465,20121015,1/0.4nM 10min (3min)
1,C1,0.972,20121015,1/0.4nM 10min (3min)
noC,noC,0.205,20121015,1/0.4nM 10min (3min)
noD,noD,0.041,20121015,1/0.4nM 10min (3min)
LB,LB,0.071,20121015,1/0.4nM 10min (3min)
1,0,0.155,20121021,10/1nM 10min (3min)
1,2,0.255,20121021,10/1nM 10min (3min)
1,4,0.306,20121021,10/1nM 10min (3min)
1,6,0.415,20121021,10/1nM 10min (3min)
1,8,0.501,20121021,10/1nM 10min (3min)
1,10,0.555,20121021,10/1nM 10min (3min)
1,C2,1.045,20121021,10/1nM 10min (3min)
noC,noC,0.133,20121021,10/1nM 10min (3min)
noD,noD,0.043,20121021,10/1nM 10min (3min)
LB,LB,0.064,20121021,10/1nM 10min (3min)
4,10,0.842,20121010,4nM 10min (4min)
1,0,0.193,20121010,4nM 10min (4min)
1,2,0.241,20121010,4nM 10min (4min)
1,4,0.365,20121010,4nM 10min (4min)
1,6,0.479,20121010,4nM 10min (4min)
1,8,0.506,20121010,4nM 10min (4min)
1,10,0.553,20121010,4nM 10min (4min)
noC,noC,0.194,20121010,4nM 10min (4min)
noD,noD,0.044,20121010,4nM 10min (4min)
LB,LB,0.083,20121010,4nM 10min (4min)
1,0,0.2,20121015,1/0.4nM 10min (3min)
1,2,0.269,20121015,1/0.4nM 10min (3min)
1,4,0.322,20121015,1/0.4nM 10min (3min)
1,6,0.358,20121015,1/0.4nM 10min (3min)
1,8,0.385,20121015,1/0.4nM 10min (3min)
1,10,0.467,20121015,1/0.4nM 10min (3min)
1,C1,0.932,20121015,1/0.4nM 10min (3min)
noC,noC,0.186,20121015,1/0.4nM 10min (3min)
noD,noD,0.043,20121015,1/0.4nM 10min (3min)
LB,LB,0.065,20121015,1/0.4nM 10min (3min)
1,0,0.152,20121021,10/1nM 10min (3min)
1,2,0.264,20121021,10/1nM 10min (3min)
1,4,0.335,20121021,10/1nM 10min (3min)
1,6,0.381,20121021,10/1nM 10min (3min)
1,8,0.452,20121021,10/1nM 10min (3min)
1,10,0.589,20121021,10/1nM 10min (3min)
1,C2,0.988,20121021,10/1nM 10min (3min)
noC,noC,0.139,20121021,10/1nM 10min (3min)
noD,noD,0.042,20121021,10/1nM 10min (3min)
LB,LB,0.067,20121021,10/1nM 10min (3min)
4,0,0.388,20120926,4nM 10min (7min) P29 
4,2,0.515,20120926,4nM 10min (7min) P29 
4,4,0.67,20120926,4nM 10min (7min) P29 
4,6,0.799,20120926,4nM 10min (7min) P29 
4,8,0.799,20120926,4nM 10min (7min) P29 
4,10,0.755,20120926,4nM 10min (7min) P29 
4,C,0.685,20120926,4nM 10min (7min) P29 
noC,noC,0.268,20120926,4nM 10min (7min) P29 
noD,noD,0.049,20120926,4nM 10min (7min) P29 
LB,LB,0.121,20120926,4nM 10min (7min) P29 
4,0,0.302,20120927,4nM 10min (5min) P30
4,2,0.599,20120927,4nM 10min (5min) P30
4,4,0.75,20120927,4nM 10min (5min) P30
4,6,0.884,20120927,4nM 10min (5min) P30
4,8,0.962,20120927,4nM 10min (5min) P30
4,10,1.004,20120927,4nM 10min (5min) P30
4,20,0.965,20120927,4nM 10min (5min) P30
4,10C,0.733,20120927,4nM 10min (5min) P30
4,20C,0.656,20120927,4nM 10min (5min) P30
noC,noC,0.275,20120927,4nM 10min (5min) P30
noD,noD,0.056,20120927,4nM 10min (5min) P30
LB,LB,0.095,20120927,4nM 10min (5min) P30
4,0,0.219,20121010,4nM 10min (4min)
4,2,0.379,20121010,4nM 10min (4min)
4,4,0.653,20121010,4nM 10min (4min)
4,6,0.801,20121010,4nM 10min (4min)
4,8,0.931,20121010,4nM 10min (4min)
4,10,0.822,20121010,4nM 10min (4min)
noC,noC,0.181,20121010,4nM 10min (4min)
noD,noD,0.043,20121010,4nM 10min (4min)
LB,LB,0.075,20121010,4nM 10min (4min)
4,0,0.364,20120926,4nM 10min (7min) P29 
4,2,0.47,20120926,4nM 10min (7min) P29 
4,4,0.673,20120926,4nM 10min (7min) P29 
4,6,0.71,20120926,4nM 10min (7min) P29 
4,8,0.833,20120926,4nM 10min (7min) P29 
4,10,0.753,20120926,4nM 10min (7min) P29 
4,C,0.65,20120926,4nM 10min (7min) P29 
noC,noC,0.282,20120926,4nM 10min (7min) P29 
noD,noD,0.047,20120926,4nM 10min (7min) P29 
LB,LB,0.104,20120926,4nM 10min (7min) P29 
4,0,0.288,20120927,4nM 10min (5min) P30
4,2,0.533,20120927,4nM 10min (5min) P30
4,4,0.674,20120927,4nM 10min (5min) P30
4,6,0.797,20120927,4nM 10min (5min) P30
4,8,0.875,20120927,4nM 10min (5min) P30
4,10,0.975,20120927,4nM 10min (5min) P30
4,20,0.898,20120927,4nM 10min (5min) P30
4,10C,0.745,20120927,4nM 10min (5min) P30
4,20C,0.608,20120927,4nM 10min (5min) P30
noC,noC,0.273,20120927,4nM 10min (5min) P30
noD,noD,0.055,20120927,4nM 10min (5min) P30
LB,LB,0.095,20120927,4nM 10min (5min) P30
4,0,0.193,20121010,4nM 10min (4min)
4,2,0.368,20121010,4nM 10min (4min)
4,4,0.603,20121010,4nM 10min (4min)
4,6,0.841,20121010,4nM 10min (4min)
4,8,0.977,20121010,4nM 10min (4min)
4,10,0.842,20121010,4nM 10min (4min)
noC,noC,0.194,20121010,4nM 10min (4min)
noD,noD,0.044,20121010,4nM 10min (4min)
LB,LB,0.083,20121010,4nM 10min (4min)
0.1,0,0.146,20121022,10/0.4/0.1nM 10min-P33(10min)
0.1,2,0.153,20121022,10/0.4/0.1nM 10min-P33(10min)
0.1,4,0.15,20121022,10/0.4/0.1nM 10min-P33(10min)
0.1,6,0.161,20121022,10/0.4/0.1nM 10min-P33(10min)
0.1,8,0.18,20121022,10/0.4/0.1nM 10min-P33(10min)
0.1,10,0.169,20121022,10/0.4/0.1nM 10min-P33(10min)
0.1,C,0.733,20121022,10/0.4/0.1nM 10min-P33(10min)
noC,noC,0.139,20121022,10/0.4/0.1nM 10min-P33(10min)
noD,noD,0.041,20121022,10/0.4/0.1nM 10min-P33(10min)
LB,LB,0.069,20121022,10/0.4/0.1nM 10min-P33(10min)
0.1,0,0.133,20121024,10/0.1nM 10min-P35 (2min)
0.1,2,0.131,20121024,10/0.1nM 10min-P35 (2min)
0.1,4,0.143,20121024,10/0.1nM 10min-P35 (2min)
0.1,6,0.169,20121024,10/0.1nM 10min-P35 (2min)
0.1,8,0.174,20121024,10/0.1nM 10min-P35 (2min)
0.1,10,0.172,20121024,10/0.1nM 10min-P35 (2min)
0.1,C,0.786,20121024,10/0.1nM 10min-P35 (2min)
noC,noC,0.146,20121024,10/0.1nM 10min-P35 (2min)
noD,noD,0.046,20121024,10/0.1nM 10min-P35 (2min)
LB,LB,0.051,20121024,10/0.1nM 10min-P35 (2min)
0.1,0,0.132,20121025,10/0.4/0.1nM 10min-P36(2min)
0.1,2,0.129,20121025,10/0.4/0.1nM 10min-P36(2min)
0.1,4,0.147,20121025,10/0.4/0.1nM 10min-P36(2min)
0.1,6,0.154,20121025,10/0.4/0.1nM 10min-P36(2min)
0.1,8,0.174,20121025,10/0.4/0.1nM 10min-P36(2min)
0.1,10,0.17,20121025,10/0.4/0.1nM 10min-P36(2min)
0.1,C3,0.771,20121025,10/0.4/0.1nM 10min-P36(2min)
noC,noC,0.146,20121025,10/0.4/0.1nM 10min-P36(2min)
noD,noD,0.042,20121025,10/0.4/0.1nM 10min-P36(2min)
LB,LB,0.059,20121025,10/0.4/0.1nM 10min-P36(2min)
0.1,0,0.151,20121022,10/0.4/0.1nM 10min-P33(10min)
0.1,2,0.144,20121022,10/0.4/0.1nM 10min-P33(10min)
0.1,4,0.151,20121022,10/0.4/0.1nM 10min-P33(10min)
0.1,6,0.168,20121022,10/0.4/0.1nM 10min-P33(10min)
0.1,8,0.196,20121022,10/0.4/0.1nM 10min-P33(10min)
0.1,10,0.173,20121022,10/0.4/0.1nM 10min-P33(10min)
0.1,C,0.738,20121022,10/0.4/0.1nM 10min-P33(10min)
noC,noC,0.144,20121022,10/0.4/0.1nM 10min-P33(10min)
noD,noD,0.042,20121022,10/0.4/0.1nM 10min-P33(10min)
LB,LB,0.072,20121022,10/0.4/0.1nM 10min-P33(10min)
0.1,0,0.124,20121024,10/0.1nM 10min-P35 (2min)
0.1,2,0.136,20121024,10/0.1nM 10min-P35 (2min)
0.1,4,0.149,20121024,10/0.1nM 10min-P35 (2min)
0.1,6,0.165,20121024,10/0.1nM 10min-P35 (2min)
0.1,8,0.172,20121024,10/0.1nM 10min-P35 (2min)
0.1,10,0.196,20121024,10/0.1nM 10min-P35 (2min)
0.1,C,0.838,20121024,10/0.1nM 10min-P35 (2min)
noC,noC,0.153,20121024,10/0.1nM 10min-P35 (2min)
noD,noD,0.047,20121024,10/0.1nM 10min-P35 (2min)
LB,LB,0.056,20121024,10/0.1nM 10min-P35 (2min)
0.1,0,0.131,20121025,10/0.4/0.1nM 10min-P36(2min)
0.1,2,0.145,20121025,10/0.4/0.1nM 10min-P36(2min)
0.1,4,0.147,20121025,10/0.4/0.1nM 10min-P36(2min)
0.1,6,0.168,20121025,10/0.4/0.1nM 10min-P36(2min)
0.1,8,0.176,20121025,10/0.4/0.1nM 10min-P36(2min)
0.1,10,0.172,20121025,10/0.4/0.1nM 10min-P36(2min)
0.1,C3,0.816,20121025,10/0.4/0.1nM 10min-P36(2min)
noC,noC,0.142,20121025,10/0.4/0.1nM 10min-P36(2min)
noD,noD,0.043,20121025,10/0.4/0.1nM 10min-P36(2min)
LB,LB,0.06,20121025,10/0.4/0.1nM 10min-P36(2min)
0.4,0,0.186,20121015,1/0.4nM 10min-(3min)
0.4,2,0.207,20121015,1/0.4nM 10min-(3min)
0.4,4,0.236,20121015,1/0.4nM 10min-(3min)
0.4,6,0.249,20121015,1/0.4nM 10min-(3min)
0.4,8,0.251,20121015,1/0.4nM 10min-(3min)
0.4,10,0.276,20121015,1/0.4nM 10min-(3min)
0.4,C2,0.982,20121015,1/0.4nM 10min-(3min)
noC,noC,0.205,20121015,1/0.4nM 10min-(3min)
noD,noD,0.041,20121015,1/0.4nM 10min-(3min)
LB,LB,0.071,20121015,1/0.4nM 10min-(3min)
0.4,0,0.139,20121022,10/0.4/0.1nM 10min-P33(10min)
0.4,2,0.145,20121022,10/0.4/0.1nM 10min-P33(10min)
0.4,4,0.177,20121022,10/0.4/0.1nM 10min-P33(10min)
0.4,6,0.193,20121022,10/0.4/0.1nM 10min-P33(10min)
0.4,8,0.225,20121022,10/0.4/0.1nM 10min-P33(10min)
0.4,10,0.246,20121022,10/0.4/0.1nM 10min-P33(10min)
0.4,C2,0.648,20121022,10/0.4/0.1nM 10min-P33(10min)
noC,noC,0.139,20121022,10/0.4/0.1nM 10min-P33(10min)
noD,noD,0.041,20121022,10/0.4/0.1nM 10min-P33(10min)
LB,LB,0.069,20121022,10/0.4/0.1nM 10min-P33(10min)
0.4,0,0.132,20121025,10/0.4/0.1nM 10min-P36(2min)
0.4,2,0.162,20121025,10/0.4/0.1nM 10min-P36(2min)
0.4,4,0.211,20121025,10/0.4/0.1nM 10min-P36(2min)
0.4,6,0.23,20121025,10/0.4/0.1nM 10min-P36(2min)
0.4,8,0.282,20121025,10/0.4/0.1nM 10min-P36(2min)
0.4,10,0.273,20121025,10/0.4/0.1nM 10min-P36(2min)
0.4,C2,0.702,20121025,10/0.4/0.1nM 10min-P36(2min)
noC,noC,0.146,20121025,10/0.4/0.1nM 10min-P36(2min)
noD,noD,0.042,20121025,10/0.4/0.1nM 10min-P36(2min)
LB,LB,0.059,20121025,10/0.4/0.1nM 10min-P36(2min)
0.4,0,0.188,20121015,1/0.4nM 10min-(3min)
0.4,2,0.216,20121015,1/0.4nM 10min-(3min)
0.4,4,0.237,20121015,1/0.4nM 10min-(3min)
0.4,6,0.275,20121015,1/0.4nM 10min-(3min)
0.4,8,Nan,20121015,1/0.4nM 10min-(3min)
0.4,10,0.284,20121015,1/0.4nM 10min-(3min)
0.4,C2,0.971,20121015,1/0.4nM 10min-(3min)
noC,noC,0.186,20121015,1/0.4nM 10min-(3min)
noD,noD,0.043,20121015,1/0.4nM 10min-(3min)
LB,LB,0.065,20121015,1/0.4nM 10min-(3min)
0.4,0,0.153,20121022,10/0.4/0.1nM 10min-P33(10min)
0.4,2,0.159,20121022,10/0.4/0.1nM 10min-P33(10min)
0.4,4,0.183,20121022,10/0.4/0.1nM 10min-P33(10min)
0.4,6,0.204,20121022,10/0.4/0.1nM 10min-P33(10min)
0.4,8,0.238,20121022,10/0.4/0.1nM 10min-P33(10min)
0.4,10,0.267,20121022,10/0.4/0.1nM 10min-P33(10min)
0.4,C2,0.703,20121022,10/0.4/0.1nM 10min-P33(10min)
noC,noC,0.144,20121022,10/0.4/0.1nM 10min-P33(10min)
noD,noD,0.042,20121022,10/0.4/0.1nM 10min-P33(10min)
LB,LB,0.072,20121022,10/0.4/0.1nM 10min-P33(10min)
0.4,0,0.137,20121025,10/0.4/0.1nM 10min-P36(2min)
0.4,2,0.169,20121025,10/0.4/0.1nM 10min-P36(2min)
0.4,4,0.208,20121025,10/0.4/0.1nM 10min-P36(2min)
0.4,6,0.24,20121025,10/0.4/0.1nM 10min-P36(2min)
0.4,8,0.302,20121025,10/0.4/0.1nM 10min-P36(2min)
0.4,10,0.314,20121025,10/0.4/0.1nM 10min-P36(2min)
0.4,C2,0.755,20121025,10/0.4/0.1nM 10min-P36(2min)
noC,noC,0.142,20121025,10/0.4/0.1nM 10min-P36(2min)
noD,noD,0.043,20121025,10/0.4/0.1nM 10min-P36(2min)
LB,LB,0.06,20121025,10/0.4/0.1nM 10min-P36(2min)
10,0,0.209,20120818,10nM P44 3min
10,5,0.826,20120818,10nM P44 3min
10,10,0.992,20120818,10nM P44 3min
10,20,1.012,20120818,10nM P44 3min
10,30,0.896,20120818,10nM P44 3min
10,40,0.799,20120818,10nM P44 3min
10,50,0.748,20120818,10nM P44 3min
10,60,0.733,20120818,10nM P44 3min
10,70,0.669,20120818,10nM P44 3min
10,80,0.583,20120818,10nM P44 3min
10,90,0.56,20120818,10nM P44 3min
10,C1,0.56,20120818,10nM P44 3min
no C,no C,0.184,20120818,10nM P44 3min
no D,no D,0.051,20120818,10nM P44 3min
LB,LB,0.07,20120818,10nM P44 3min
10,0,0.156,20120819,10nM P45 2min
10,5,0.836,20120819,10nM P45 2min
10,10,0.935,20120819,10nM P45 2min
10,20,1.199,20120819,10nM P45 2min
10,30,1.085,20120819,10nM P45 2min
10,40,0.961,20120819,10nM P45 2min
10,50,0.803,20120819,10nM P45 2min
10,60,0.752,20120819,10nM P45 2min
10,70,0.766,20120819,10nM P45 2min
10,80,0.703,20120819,10nM P45 2min
10,90,0.587,20120819,10nM P45 2min
10,C1,0.931,20120819,10nM P45 2min
no C,no C,0.175,20120819,10nM P45 2min
no D,no D,0.043,20120819,10nM P45 2min
LB,LB,0.067,20120819,10nM P45 2min
10,0,0.191,20120820,10nM P46 2.5min-1
10,5,0.996,20120820,10nM P46 2.5min-1
10,10,1.027,20120820,10nM P46 2.5min-1
10,20,1.021,20120820,10nM P46 2.5min-1
10,30,0.874,20120820,10nM P46 2.5min-1
10,40,0.714,20120820,10nM P46 2.5min-1
10,50,0.753,20120820,10nM P46 2.5min-1
10,60,0.695,20120820,10nM P46 2.5min-1
10,70,0.605,20120820,10nM P46 2.5min-1
10,80,0.553,20120820,10nM P46 2.5min-1
10,90,0.484,20120820,10nM P46 2.5min-1
10,C1,0.666,20120820,10nM P46 2.5min-1
no C,no C,0.146,20120820,10nM P46 2.5min-1
no D,no D,0.052,20120820,10nM P46 2.5min-1
LB,LB,0.082,20120820,10nM P46 2.5min-1
10,0,0.191,20120820,10nM P41 2.5min-2
10,5,1.076,20120820,10nM P41 2.5min-2
10,10,0.959,20120820,10nM P41 2.5min-2
10,20,1.064,20120820,10nM P41 2.5min-2
10,30,0.955,20120820,10nM P41 2.5min-2
10,40,0.839,20120820,10nM P41 2.5min-2
10,50,0.774,20120820,10nM P41 2.5min-2
10,60,0.793,20120820,10nM P41 2.5min-2
10,70,0.674,20120820,10nM P41 2.5min-2
10,80,0.636,20120820,10nM P41 2.5min-2
10,90,0.589,20120820,10nM P41 2.5min-2
10,C1,0.752,20120820,10nM P41 2.5min-2
no C,no C,0.206,20120820,10nM P41 2.5min-2
no D,no D,0.049,20120820,10nM P41 2.5min-2
LB,LB,0.102,20120820,10nM P41 2.5min-2
10,0,0.205,20120818,10nM P44 3min
10,5,0.763,20120818,10nM P44 3min
10,10,0.931,20120818,10nM P44 3min
10,20,1.005,20120818,10nM P44 3min
10,30,0.879,20120818,10nM P44 3min
10,40,0.816,20120818,10nM P44 3min
10,50,0.728,20120818,10nM P44 3min
10,60,0.724,20120818,10nM P44 3min
10,70,0.722,20120818,10nM P44 3min
10,80,0.638,20120818,10nM P44 3min
10,90,0.581,20120818,10nM P44 3min
10,C1,0.585,20120818,10nM P44 3min
no C,no C,0.188,20120818,10nM P44 3min
no D,no D,0.051,20120818,10nM P44 3min
LB,LB,0.069,20120818,10nM P44 3min
10,0,0.155,20120819,10nM P45 2min
10,5,0.724,20120819,10nM P45 2min
10,10,0.934,20120819,10nM P45 2min
10,20,1.072,20120819,10nM P45 2min
10,30,1.083,20120819,10nM P45 2min
10,40,0.934,20120819,10nM P45 2min
10,50,0.871,20120819,10nM P45 2min
10,60,0.781,20120819,10nM P45 2min
10,70,0.835,20120819,10nM P45 2min
10,80,0.677,20120819,10nM P45 2min
10,90,0.589,20120819,10nM P45 2min
10,C1,0.879,20120819,10nM P45 2min
no C,no C,0.161,20120819,10nM P45 2min
no D,no D,0.044,20120819,10nM P45 2min
LB,LB,0.068,20120819,10nM P45 2min
10,0,0.184,20120820,10nM P46 2.5min-1
10,5,0.899,20120820,10nM P46 2.5min-1
10,10,0.976,20120820,10nM P46 2.5min-1
10,20,0.956,20120820,10nM P46 2.5min-1
10,30,0.843,20120820,10nM P46 2.5min-1
10,40,0.74,20120820,10nM P46 2.5min-1
10,50,0.762,20120820,10nM P46 2.5min-1
10,60,0.688,20120820,10nM P46 2.5min-1
10,70,0.658,20120820,10nM P46 2.5min-1
10,80,0.589,20120820,10nM P46 2.5min-1
10,90,0.524,20120820,10nM P46 2.5min-1
10,C1,0.664,20120820,10nM P46 2.5min-1
no C,no C,0.149,20120820,10nM P46 2.5min-1
no D,no D,0.049,20120820,10nM P46 2.5min-1
LB,LB,0.082,20120820,10nM P46 2.5min-1
10,0,0.211,20120820,10nM P41 2.5min-2
10,5,0.948,20120820,10nM P41 2.5min-2
10,10,0.888,20120820,10nM P41 2.5min-2
10,20,1.012,20120820,10nM P41 2.5min-2
10,30,0.904,20120820,10nM P41 2.5min-2
10,40,0.787,20120820,10nM P41 2.5min-2
10,50,0.774,20120820,10nM P41 2.5min-2
10,60,0.794,20120820,10nM P41 2.5min-2
10,70,0.717,20120820,10nM P41 2.5min-2
10,80,0.689,20120820,10nM P41 2.5min-2
10,90,0.627,20120820,10nM P41 2.5min-2
10,C1,0.795,20120820,10nM P41 2.5min-2
no C,no C,0.195,20120820,10nM P41 2.5min-2
no D,no D,0.05,20120820,10nM P41 2.5min-2
LB,LB,0.094,20120820,10nM P41 2.5min-2
4,0,0.168,20110705,4 nM
4,5,0.7477,20110705,4 nM
4,10,1.0285,20110705,4 nM
4,20,0.9838,20110705,4 nM
4,30,0.9633,20110705,4 nM
4,40,0.9036,20110705,4 nM
4,50,0.4451,20110705,4 nM
4,60,0.4507,20110705,4 nM
4,70,0.5321,20110705,4 nM
4,80,0.5488,20110705,4 nM
4,90,0.5443,20110705,4 nM
LB,no C,0.0902,20110705,4 nM
no C,no D,0.0592,20110705,4 nM
no D,LB,0.0781,20110705,4 nM
4,0,0.2564,20110706,4 nM
4,5,0.4774,20110706,4 nM
4,10,0.4493,20110706,4 nM
4,20,0.4414,20110706,4 nM
4,30,0.4428,20110706,4 nM
4,40,0.4419,20110706,4 nM
4,50,0.4437,20110706,4 nM
4,60,0.3545,20110706,4 nM
4,70,0.3967,20110706,4 nM
4,80,0.3441,20110706,4 nM
4,90,0.3293,20110706,4 nM
LB,no C,0.158,20110706,4 nM
no C,no D,0.0468,20110706,4 nM
no D,LB,0.1527,20110706,4 nM
4,0,0.3316,20120712,4 nM PLATE0910 man pipette
4,5,0.7721,20120712,4 nM PLATE0910 man pipette
4,10,1.0299,20120712,4 nM PLATE0910 man pipette
4,20,0.9726,20120712,4 nM PLATE0910 man pipette
4,30,0.7734,20120712,4 nM PLATE0910 man pipette
4,40,0.7114,20120712,4 nM PLATE0910 man pipette
4,50,0.7005,20120712,4 nM PLATE0910 man pipette
4,60,0.6564,20120712,4 nM PLATE0910 man pipette
4,70,0.5787,20120712,4 nM PLATE0910 man pipette
4,80,0.5172,20120712,4 nM PLATE0910 man pipette
4,90,0.4692,20120712,4 nM PLATE0910 man pipette
4,C,0.7754,20120712,4 nM PLATE0910 man pipette
LB,LB,0.0904,20120712,4 nM PLATE0910 man pipette
no C,no C,0.3616,20120712,4 nM PLATE0910 man pipette
no D,no D,0.0408,20120712,4 nM PLATE0910 man pipette
4,0,0.4292,20120711,4 nM PLATE0910 man pipette
4,5,0.7746,20120711,4 nM PLATE0910 man pipette
4,10,0.8263,20120711,4 nM PLATE0910 man pipette
4,20,0.942,20120711,4 nM PLATE0910 man pipette
4,30,0.8649,20120711,4 nM PLATE0910 man pipette
4,40,0.8105,20120711,4 nM PLATE0910 man pipette
4,50,0.8507,20120711,4 nM PLATE0910 man pipette
4,60,0.7944,20120711,4 nM PLATE0910 man pipette
4,70,0.7137,20120711,4 nM PLATE0910 man pipette
4,80,0.6649,20120711,4 nM PLATE0910 man pipette
4,90,0.6209,20120711,4 nM PLATE0910 man pipette
4,C,0.8472,20120711,4 nM PLATE0910 man pipette
LB,LB,0.1163,20120711,4 nM PLATE0910 man pipette
no C,no C,0.4519,20120711,4 nM PLATE0910 man pipette
no D,no D,0.0437,20120711,4 nM PLATE0910 man pipette
4,0,0.3017,20120526,4/0.4 nM
4,5,0.3835,20120526,4/0.4 nM
4,10,0.4177,20120526,4/0.4 nM
4,20,0.4803,20120526,4/0.4 nM
4,30,0.4253,20120526,4/0.4 nM
4,40,0.4663,20120526,4/0.4 nM
4,50,0.4659,20120526,4/0.4 nM
4,60,0.4506,20120526,4/0.4 nM
4,70,0.5024,20120526,4/0.4 nM
4,80,0.4836,20120526,4/0.4 nM
4,90,0.4406,20120526,4/0.4 nM
4,C1,0.4509,20120526,4/0.4 nM
LB,LB,0.1647,20120526,4/0.4 nM
no C,no C,0.1435,20120526,4/0.4 nM
no D,no D,0.0505,20120526,4/0.4 nM
4,0,0.5192,20110727,4nM/1nM
4,5,0.331,20110727,4nM/1nM
4,10,0.3847,20110727,4nM/1nM
4,20,0.5017,20110727,4nM/1nM
4,30,0.4461,20110727,4nM/1nM
4,40,0.4618,20110727,4nM/1nM
4,50,0.4955,20110727,4nM/1nM
4,60,0.4416,20110727,4nM/1nM
4,70,0.4293,20110727,4nM/1nM
4,80,0.3688,20110727,4nM/1nM
4,90,0.3241,20110727,4nM/1nM
4,C1,0.5089,20110727,4nM/1nM
LB,LB,0.1463,20110727,4nM/1nM
no C,no C,0.1397,20110727,4nM/1nM
no D,no D,0.0522,20110727,4nM/1nM
4,0,0.1708,20110705,4 nM
4,5,0.6597,20110705,4 nM
4,10,1.0162,20110705,4 nM
4,20,0.9516,20110705,4 nM
4,30,0.7428,20110705,4 nM
4,40,0.9081,20110705,4 nM
4,50,0.7353,20110705,4 nM
4,60,0.3481,20110705,4 nM
4,70,0.387,20110705,4 nM
4,80,0.6734,20110705,4 nM
4,90,0.5555,20110705,4 nM
LB,no C,0.1176,20110705,4 nM
no C,no D,0.0496,20110705,4 nM
no D,LB,0.0869,20110705,4 nM
4,0,0.2856,20110706,4 nM
4,5,0.4922,20110706,4 nM
4,10,0.5654,20110706,4 nM
4,20,0.4757,20110706,4 nM
4,30,0.4969,20110706,4 nM
4,40,0.4163,20110706,4 nM
4,50,0.4277,20110706,4 nM
4,60,0.3295,20110706,4 nM
4,70,0.376,20110706,4 nM
4,80,0.4162,20110706,4 nM
4,90,0.3252,20110706,4 nM
LB,no C,0.1302,20110706,4 nM
no C,no D,0.0495,20110706,4 nM
no D,LB,0.1468,20110706,4 nM
4,0,0.3241,20120712,4 nM PLATE0910 man pipette
4,5,0.7249,20120712,4 nM PLATE0910 man pipette
4,10,0.8636,20120712,4 nM PLATE0910 man pipette
4,20,0.9133,20120712,4 nM PLATE0910 man pipette
4,30,0.826,20120712,4 nM PLATE0910 man pipette
4,40,0.7181,20120712,4 nM PLATE0910 man pipette
4,50,0.6689,20120712,4 nM PLATE0910 man pipette
4,60,0.6555,20120712,4 nM PLATE0910 man pipette
4,70,0.5745,20120712,4 nM PLATE0910 man pipette
4,80,0.5515,20120712,4 nM PLATE0910 man pipette
4,90,0.4783,20120712,4 nM PLATE0910 man pipette
4,C,0.7682,20120712,4 nM PLATE0910 man pipette
LB,LB,0.1002,20120712,4 nM PLATE0910 man pipette
no C,no C,0.3523,20120712,4 nM PLATE0910 man pipette
no D,no D,0.04,20120712,4 nM PLATE0910 man pipette
4,0,0.4254,20120711,4 nM PLATE0910 man pipette
4,5,0.7723,20120711,4 nM PLATE0910 man pipette
4,10,0.7924,20120711,4 nM PLATE0910 man pipette
4,20,0.9188,20120711,4 nM PLATE0910 man pipette
4,30,0.8642,20120711,4 nM PLATE0910 man pipette
4,40,0.7727,20120711,4 nM PLATE0910 man pipette
4,50,0.8239,20120711,4 nM PLATE0910 man pipette
4,60,0.7699,20120711,4 nM PLATE0910 man pipette
4,70,0.7617,20120711,4 nM PLATE0910 man pipette
4,80,0.6979,20120711,4 nM PLATE0910 man pipette
4,90,0.6032,20120711,4 nM PLATE0910 man pipette
4,C,0.821,20120711,4 nM PLATE0910 man pipette
LB,LB,0.1136,20120711,4 nM PLATE0910 man pipette
no C,no C,0.4886,20120711,4 nM PLATE0910 man pipette
no D,no D,0.0412,20120711,4 nM PLATE0910 man pipette
4,0,0.2998,20120526,4/0.4 nM
4,5,0.3602,20120526,4/0.4 nM
4,10,0.3961,20120526,4/0.4 nM
4,20,0.5032,20120526,4/0.4 nM
4,30,0.452,20120526,4/0.4 nM
4,40,0.44,20120526,4/0.4 nM
4,50,0.4709,20120526,4/0.4 nM
4,60,0.4747,20120526,4/0.4 nM
4,70,0.4888,20120526,4/0.4 nM
4,80,0.4843,20120526,4/0.4 nM
4,90,0.4434,20120526,4/0.4 nM
4,C1,0.4706,20120526,4/0.4 nM
LB,LB,0.155,20120526,4/0.4 nM
no C,no C,0.1387,20120526,4/0.4 nM
no D,no D,0.0473,20120526,4/0.4 nM
4,0,0.2574,20110727,4nM/1nM
4,5,0.3227,20110727,4nM/1nM
4,10,0.4152,20110727,4nM/1nM
4,20,0.528,20110727,4nM/1nM
4,30,0.4158,20110727,4nM/1nM
4,40,0.4471,20110727,4nM/1nM
4,50,0.4612,20110727,4nM/1nM
4,60,0.4307,20110727,4nM/1nM
4,70,0.3837,20110727,4nM/1nM
4,80,0.3567,20110727,4nM/1nM
4,90,0.3,20110727,4nM/1nM
4,C1,0.4455,20110727,4nM/1nM
LB,LB,0.1367,20110727,4nM/1nM
no C,no C,0.1418,20110727,4nM/1nM
no D,no D,0.0524,20110727,4nM/1nM